video_id,group_id,Question,Answer Options,Correct Answer
0aed7ffd-224d-4f50-94eb-9d54fd4a1521,"548.jpg
728.jpg
949.jpg
1102.jpg
1346.jpg
2214.jpg
2588.jpg
2736.jpg
3118.jpg",What did I look at immediately after getting the mixing bowl from the kitchen cabinet?,"A: The recipe on the kitchen counter.
B: The carrot in the bowl on the counter.
C: The sink to wash the mixing bowl.
D: The knife in the drawer.
E: The cutting board.",C
0aed7ffd-224d-4f50-94eb-9d54fd4a1521,"17057.jpg
17319.jpg
18080.jpg
18297.jpg
18474.jpg
18520.jpg
18814.jpg
19306.jpg
19436.jpg",What did I look at after checking the recipe on the kitchen counter in Frame 7?,"A: The mixing bowls on the counter.
B: The olive oil bottle.
C: The lemon juice bottle.
D: The paper towel roll.
E: The cutting board with chopped vegetables.",B
b008edb1-b0ab-4d8a-a303-5c09a6ecc790,"171.jpg
358.jpg
497.jpg
833.jpg
881.jpg
1441.jpg
1572.jpg
1668.jpg
2130.jpg",What did I look at after placing the saucepan on the stove?,"A: The coffee cup on the countertop.
B: The milk pack near the sink.
C: The water level in the saucepan.
D: The gas stove controls.
E: The utensils on the counter.",D
260afb8c-0cac-4f5e-8b07-02e85fc17d6f,"405.jpg
529.jpg
680.jpg
1507.jpg
1950.jpg
2468.jpg
2894.jpg
3333.jpg
3421.jpg",What did I look at after positioning the wheel into the fork?,"A: The brake noodle
B: The bike repair stand
C: The derailleur
D: The level and axle
E: The floor",C
c0049eef-6fb3-4383-9ab3-5e6b892cd843,"303.jpg
1334.jpg
1574.jpg
1875.jpg
1973.jpg
2663.jpg
2681.jpg
3248.jpg
3483.jpg",What did I look at after removing the COVID test swab from its package?,"A: The COVID test vial
B: The instruction manual
C: The COVID test indicator
D: The table
E: The camera setup",B
ca360201-f003-44c5-ab2b-2487cdec5e1a,"240.jpg
307.jpg
843.jpg
960.jpg
4095.jpg",What did I look at before getting the chain lube from the table?,"A: The bicycle's pedals.
B: The tools on the table.
C: The floor beneath me.
D: The chain rollers.
E: The cloth for drying.",B
7afe02e8-fbde-42fe-9d1b-1663cb6e0f7d,"193.jpg
389.jpg
2377.jpg
4115.jpg",What did I look at before tightening both axle nuts with both hands?,"A: The bike wheel on the table.
B: The wrench on the floor.
C: The fork of the bicycle.
D: The water bottle on the table.
E: The glove on the floor.",C
919b7ecf-b37e-4dd2-9fac-4f04b80fbeb8,"294.jpg
381.jpg
493.jpg
633.jpg
1039.jpg
2417.jpg
2536.jpg
2948.jpg
3078.jpg",What did I look at after positioning the wheel into the bike fork?,"A: The wrench on the shelf.
B: The tools scattered on the floor.
C: The derailleur.
D: The bike seat.
E: The bicycle handlebars.",C
e353042a-42b6-44fc-b825-3017f274de96,"278.jpg
323.jpg
1045.jpg
1208.jpg
1245.jpg
1332.jpg
1433.jpg
2613.jpg
3191.jpg",What did I look at after engaging the tire lever on the rim?,"A: The floor to get another tire lever.
B: The valve area of the wheel.
C: The tube inside the wheel.
D: The tools on the workbench.
E: The bicycle frame.",A
bb0cce4d-4433-4e2b-9d73-be77918f2069,"3024.jpg
3769.jpg
3895.jpg
3937.jpg
4054.jpg
5395.jpg
5533.jpg
5879.jpg
6082.jpg",What did I look at immediately after cleaning the skillet with a towel?,"A: The trash bin
B: The stove
C: The refrigerator
D: The cutting board
E: The sink",B
bb0cce4d-4433-4e2b-9d73-be77918f2069,"11643.jpg
11782.jpg
11868.jpg
12810.jpg
13033.jpg
13221.jpg
14256.jpg
14452.jpg
15310.jpg",What did I look at after slicing the beef on the cutting board?,"A: The skillet on the stove.
B: The refrigerator.
C: The trash bin.
D: The sink.
E: The black pepper container.",A
979fd973-086f-420e-b3af-9718eb171258,"754.jpg
1089.jpg
1517.jpg
1736.jpg
1889.jpg
2035.jpg
3177.jpg
3649.jpg
4712.jpg",What did the viewer look at immediately after unwrapping the COVID test indicator?,"A: The scissors on the table.
B: The COVID test swab package.
C: The ziplock bag for disposal.
D: The camera setup in the background.
E: The COVID test vial.",B
979fd973-086f-420e-b3af-9718eb171258,"754.jpg
1089.jpg
1517.jpg
1736.jpg
1889.jpg
2035.jpg
3177.jpg
3649.jpg
4712.jpg",What did I look at after unwrapping the COVID test indicator?,"A: The scissors on the table.
B: The ziplock bag for disposal.
C: The COVID test swab package.
D: The camera setup in the room.
E: The person standing in the background.",C
979fd973-086f-420e-b3af-9718eb171258,"754.jpg
1089.jpg
1517.jpg
1736.jpg
1889.jpg
2035.jpg
3177.jpg
3649.jpg
4712.jpg",What did I look at after unwrapping the COVID test indicator?,"A: The scissors on the table.
B: The ziplock bag for disposal.
C: The COVID test swab package.
D: The camera setup in the room.
E: The person standing in the background.",C
e1475f87-0c9d-4884-b932-140c2a0de3c3,"30.jpg
101.jpg
135.jpg
819.jpg
1078.jpg
1204.jpg
1404.jpg",What did I look at immediately after slicing the cucumber on the countertop?,"A: The bowl with tomato slices.
B: The stove and frying pan.
C: The dining table in the background.
D: The knife and chopping board.
E: The refrigerator.",D
98c6b563-61dd-46fd-a66e-351664092e4c,"299.jpg
1030.jpg
1909.jpg
1958.jpg
2135.jpg
2189.jpg
2471.jpg
3298.jpg
3507.jpg",What did I look at after pulling the tire and the inner tube out of the rim?,"A: The valve stem on the rim.
B: The tools on the workbench.
C: The inner tube for any damage or splits.
D: The person standing in the background.
E: The floor to ensure no parts were dropped.",C
410ccf87-4217-4d87-836b-4af20b355d87,"101.jpg
675.jpg
722.jpg
787.jpg
900.jpg
1018.jpg
1525.jpg
1668.jpg
1815.jpg",What did I look at immediately after reading the recipe manual?,"A: The noodles pack on the table.
B: The gas cooker controls.
C: The measuring spoon on the countertop.
D: The faucet in the sink.
E: The saucepan on the gas cooker.",A
410ccf87-4217-4d87-836b-4af20b355d87,"7034.jpg
7249.jpg
7390.jpg
7952.jpg
8492.jpg
8659.jpg
8771.jpg
8950.jpg
9028.jpg",What did I look at after getting the soy sauce from the countertop?,"A: The recipe manual.
B: The chopping board.
C: The sink.
D: The white ceramic bowl.
E: The measuring spoon.",A
b7c782b1-9688-4b19-8f88-003fed1d0e61,"268.jpg
331.jpg
850.jpg
1330.jpg
1508.jpg
1997.jpg
2524.jpg
2576.jpg
2849.jpg",What did I look at after tightening the axle nuts using a wrench in Frame 6?,"A: The brake noodle
B: The pedal
C: The derailleur
D: The wheel
E: The fork",D
6f0c6cb0-bd86-4636-9ab0-20c78b1f351f,"485.jpg
813.jpg
1160.jpg
1493.jpg
2283.jpg
3071.jpg
3688.jpg
3800.jpg
4498.jpg",What did I look at after I squeezed out any air inside the tube with the screwdriver?,"A: The tire lever on the table.
B: The wheel where I removed the dust cap.
C: The new inner tube's packaging.
D: The inflated new inner tube.
E: The tools on the shelf.",A
c30c1104-b238-4dcf-891b-1160ede92723,"712.jpg
1738.jpg
2162.jpg
2409.jpg
2480.jpg
2556.jpg",What did I look at after tightening the speed shifter with the hexagonal trident tool?,"A: The brake noodle and caliper.
B: The wheel to ensure it was properly aligned.
C: The toolbox for another tool.
D: The brake handle to test its functionality.
E: The floor to check for dropped parts.",A
7130970c-73d9-413d-964e-167696280422,"157.jpg
488.jpg
883.jpg
993.jpg
1465.jpg
1985.jpg
2094.jpg
2220.jpg
2505.jpg",What did I look at after adding coffee grounds to the French press?,"A: The pot of water on the stove.
B: The mug on the counter.
C: The kitchen sink.
D: The lighter for turning on the stove.
E: The napkin on the counter.",A
7130970c-73d9-413d-964e-167696280422,"7784.jpg
8434.jpg
8570.jpg
8766.jpg
9143.jpg
9577.jpg
9965.jpg",What did I look at after turning off the steam wand of the espresso machine and removing the pot of milk?,"A: The napkin on the counter.
B: The French press.
C: The coffee mug.
D: The stove.
E: The frothed milk in the pot.",A
a2fc6bb5-ad56-460e-a8ae-64db8080d5ae,"473.jpg
684.jpg
937.jpg
1194.jpg
1475.jpg
1705.jpg
1967.jpg
2844.jpg
3242.jpg",What did I look at immediately after picking up the mesh strainer from the saucepan on the countertop?,"A: The spoons in the saucepan
B: The milk carton on the countertop
C: The sugar container on the countertop
D: The hot plate on the stove
E: The ginger on the countertop",A
a2fc6bb5-ad56-460e-a8ae-64db8080d5ae,"10587.jpg
11010.jpg
11189.jpg
11917.jpg
12062.jpg
13060.jpg
14135.jpg
15003.jpg
16098.jpg",What did I look at immediately after adding sugar to the milk in the saucepan?,"A: The cardamom container on the countertop.
B: The hot plate controls.
C: The cinnamon container in the basket.
D: The spoon for stirring the mixture.
E: The tea leaves container.",D
10114022-4de6-43cd-af19-b3bc5cbeae31,"132.jpg
204.jpg
1135.jpg
1294.jpg
1551.jpg
1613.jpg
1642.jpg
1731.jpg
1783.jpg",What did I look at after slicing the scallion on the counter top with a knife?,"A: The tray on the counter top where the scallions are stored.
B: The electric kettle to check if the water has boiled.
C: The saucepan on the cooker.
D: The sink to wash more ingredients.
E: The refrigerator to get additional ingredients.",A
10114022-4de6-43cd-af19-b3bc5cbeae31,"3525.jpg
3795.jpg
4024.jpg
5141.jpg
5217.jpg
5316.jpg
5414.jpg
5499.jpg
5686.jpg",What did I look at after slicing the spring onion on the counter top with a knife?,"A: The tray on the countertop where the spring onions were placed.
B: The sink to wash more ingredients.
C: The stove to check the noodles.
D: The refrigerator to get additional ingredients.
E: The cutting board for more vegetables.",A
dc8cdafd-9424-49b5-a78c-a88ae6d2cd54,"144.jpg
660.jpg
702.jpg
768.jpg
1129.jpg
1195.jpg
1228.jpg
1627.jpg
1717.jpg",What did I look at immediately after adding black tea to the saucepan?,"A: The cardamom jar in the cabinet.
B: The stove knobs.
C: The water tap.
D: The countertop where the saucepan was initially placed.
E: The cloves container in the cabinet.",A
dc8cdafd-9424-49b5-a78c-a88ae6d2cd54,"4166.jpg
4271.jpg
6298.jpg
6578.jpg
7072.jpg
7212.jpg
7394.jpg
7697.jpg
7832.jpg",What did I look at before adjusting the stove heat with the knob?,"A: The milk gallon in the refrigerator.
B: The saucepan on the stove.
C: The sink area.
D: The spice rack above the stove.
E: The kitchen counter.",B
1831d594-72a4-42ba-9828-177bfb8b6e21,"2878.jpg
3625.jpg
4035.jpg
4289.jpg
5036.jpg
5915.jpg
6247.jpg
6725.jpg
8087.jpg",What did I look at after removing the swab from the foil pack?,"A: The test tube on the holder
B: The instructions for the test
C: The scissors on the table
D: The testing plate in the foil pack
E: The window",A
e246e05c-cc49-4d05-98ba-de2542e42c3f,"197.jpg
778.jpg
916.jpg
1072.jpg
1183.jpg
1280.jpg
1342.jpg
1485.jpg
1660.jpg",What did I look at after tightening the right axle nut with my right hand?,"A: The left axle nut
B: The floor
C: The bicycle handlebars
D: The toolbox on the right
E: The wall",A
7d33f6b7-46c0-4087-97e5-100c369ffe45,"338.jpg
799.jpg
859.jpg
1048.jpg
1342.jpg
1448.jpg
1525.jpg
2320.jpg
2782.jpg",What did I look at immediately after placing the bowl on the stove?,"A: The gas lighter on the countertop.
B: The jar of milk on the countertop.
C: The trash can in the corner.
D: The stove knob to adjust the heat.
E: The cutting board next to the stove.",A
7d33f6b7-46c0-4087-97e5-100c369ffe45,"5628.jpg
5751.jpg
6332.jpg
6445.jpg
6599.jpg
7141.jpg
7212.jpg
7300.jpg
7702.jpg",What did I look at immediately after adjusting the stove heat in Frame 4?,"A: The big bowl on the sink
B: The milk in the pot
C: The nutmeg pack on the countertop
D: The spoon on the countertop
E: The tap for washing hands",B
eaa6d996-c634-4488-9f7b-fe5487202f63,"1266.jpg
2535.jpg
3289.jpg
3505.jpg",What did I look at after fitting the tire to the bike rim?,"A: The air pump on the floor.
B: The valve stem of the tire.
C: The dust cap on the workbench.
D: The inner tube in my hand.
E: The bicycle wheel already assembled.",B
cb33cc35-bebf-4bef-b9d8-13b5126726e0,"520.jpg
547.jpg
998.jpg
1092.jpg
1130.jpg
1669.jpg
1762.jpg",What did I look at immediately after tapping the mannequin on the head to check consciousness in Frame 7?,"A: The tripod in the background.
B: The chest of the mannequin.
C: The instructor standing nearby.
D: The sky and trees in the distance.
E: The ground near the mannequin.",B
9105418d-9a1b-445b-a77e-108d22530a8c,"828.jpg
1184.jpg
2721.jpg
2959.jpg
3549.jpg
3785.jpg
3868.jpg
4192.jpg",What did I look at after attaching the brake cable to the wheel?,"A: The tool shelf for another wrench.
B: The rear axle to ensure the brake cable was properly connected.
C: The chain to check its alignment.
D: The pedal to rotate it again.
E: The front fork of the bicycle.",B
ff468baf-2313-4b39-8dc3-a1d1b6f71a5d,"99.jpg
230.jpg
348.jpg
525.jpg
1325.jpg",What did I look at before lifting the wheel into the fork?,"A: The tool box to find the appropriate wrench.
B: The bicycle frame to ensure it was stable.
C: The floor to check for any obstacles.
D: The wall-mounted tools to select a different tool.
E: The workbench to gather additional parts.",A
df58f8e9-7300-4bf5-a7b6-1452b4ce4fc1,"171.jpg
352.jpg
378.jpg
626.jpg
717.jpg
867.jpg
944.jpg
1163.jpg
1388.jpg",What did I look at immediately after getting onions from the bowl?,"A: The knife on the counter top.
B: The plate with other ingredients.
C: The cutting board and the knife.
D: The basket of plates.
E: The camera setup in the background.",C
df58f8e9-7300-4bf5-a7b6-1452b4ce4fc1,"3097.jpg
3135.jpg
3328.jpg
3462.jpg
3624.jpg
3717.jpg
4145.jpg
4589.jpg",What did I look at immediately after cutting the tomato with the knife?,"A: The plate where I added the tomato.
B: The oil bottle on the counter.
C: The spoon on the counter.
D: The camera setup in the background.
E: The bag of bread.",A
57dee964-b77f-430b-8f37-fa4e5ba5c6a3,"422.jpg
646.jpg
2092.jpg
2279.jpg
2435.jpg
2740.jpg
3647.jpg
3917.jpg
4324.jpg",What did I look at immediately after adding butter into the skillet on low heat?,"A: The electric cooker's control panel
B: The spatula on the countertop
C: The white bowl with eggs
D: The sink
E: The refrigerator",B
57dee964-b77f-430b-8f37-fa4e5ba5c6a3,"6766.jpg
6836.jpg
7565.jpg
7736.jpg
8055.jpg",What did I look at immediately after adding black pepper to the eggs in the skillet?,"A: The countertop where I put away the black pepper container.
B: The electric cooker's heat control.
C: The plate where I served the scrambled eggs.
D: The sink area.
E: The refrigerator.",A
ea5d4f8b-050f-4652-a83a-498f97586d8d,"248.jpg
577.jpg
4183.jpg
4422.jpg
4671.jpg
6784.jpg
6980.jpg
7326.jpg
9135.jpg",What did I look at immediately after getting the onions from the countertop?,"A: The chopping board on the bottom shelf.
B: The tomato on the countertop.
C: The sink to wash the onions.
D: The stove to turn it on.
E: The knife on the counter.",A
ea5d4f8b-050f-4652-a83a-498f97586d8d,"13038.jpg
13201.jpg
13404.jpg
13824.jpg
13961.jpg
14105.jpg
14722.jpg
14892.jpg
14947.jpg",What did I look at before getting the wide skillet from the countertop?,"A: The stove heat controls.
B: The bowl on the counter.
C: The salt container.
D: The egg crate.
E: The onions in the skillet.",A
2bb5ab9f-0fa9-4eeb-b550-9b7a9bffe3ee,"136.jpg
329.jpg
371.jpg
431.jpg
475.jpg
698.jpg
738.jpg
1374.jpg
1684.jpg",What did I look at immediately after unboxing the test tube holder in the COVID test pack?,"A: The instruction sheet
B: The extra test tubes
C: The scissors on the table
D: The swab packaging
E: The test tube inside its packaging",E
2bb5ab9f-0fa9-4eeb-b550-9b7a9bffe3ee,"5033.jpg
5282.jpg
5311.jpg
5586.jpg
5715.jpg
6177.jpg
6253.jpg
6471.jpg
6629.jpg",What did I look at immediately after positioning the testing tube in the test tube holder?,"A: The buffer solution container
B: The testing plate
C: The swab packaging
D: The instruction manual
E: The tripod setup",B
b918c9ce-f1ad-4fb2-9569-3726685517ee,"979.jpg
1219.jpg
1468.jpg
1545.jpg
1681.jpg
2153.jpg
2433.jpg
2550.jpg
3192.jpg",What did I look at immediately after getting the plate from the kitchen cabinet?,"A: The recipe on my phone
B: The can of fish on the counter
C: The sink and faucet
D: The chopsticks in the drawer
E: The tamari jar in the refrigerator",C
b918c9ce-f1ad-4fb2-9569-3726685517ee,"9533.jpg
10233.jpg
12115.jpg
12328.jpg
14618.jpg
14756.jpg",What did I look at immediately after rolling up the sushi using the rolling mat?,"A: The recipe on the phone
B: The kitchen tap
C: The cutting board
D: The plate in the cabinet
E: The knife",A
554bdf0b-2239-4c83-ae2c-38907ca0bfc3,"1227.jpg
1499.jpg
2052.jpg
6170.jpg
6266.jpg
6951.jpg
7124.jpg
7255.jpg
7555.jpg",What did I look at immediately after arranging the chopping board on the table?,"A: The carrot in the bowl on the countertop.
B: The trash can near the sink.
C: The grater on the chopping board.
D: The celery in the bowl.
E: The onion slices in the bowl.",A
554bdf0b-2239-4c83-ae2c-38907ca0bfc3,"15535.jpg
15719.jpg
15954.jpg
16982.jpg
17127.jpg
18006.jpg
18152.jpg
19069.jpg
20045.jpg",What did I look at immediately after getting the tamari bottle from the bottom shelf?,"A: The small container on the countertop.
B: The honey bottle on the shelf.
C: The lemon juice bottle in the bowl.
D: The toasted sesame oil bottle on the shelf.
E: The kitchen towel on the counter.",A
05db9b5f-6904-43d2-99f8-62e6d3353afb,"1087.jpg
1471.jpg
2067.jpg
2964.jpg
3966.jpg
4193.jpg
4472.jpg
5835.jpg
6911.jpg",What did I look at immediately after washing my hands in the sink?,"A: The electric kettle on the table
B: The cabinet where the tea bag is stored
C: The cup that needs to be washed
D: The faucet while filling the electric kettle with water
E: The camera setup in the room",C
05db9b5f-6904-43d2-99f8-62e6d3353afb,"14169.jpg
14573.jpg
14646.jpg
14835.jpg
15509.jpg
15813.jpg
16450.jpg
16663.jpg
16985.jpg",What did I look at after disposing of the tea bag wrap in the trash?,"A: The countertop where the sugar is located.
B: The sink to wash my hands.
C: The cup with hot water on the counter.
D: The fridge to get milk.
E: The tea bag wrap still in my hand.",C
8623740d-86a1-4b83-82a0-c99923ce6bdb,"2695.jpg
2871.jpg
2933.jpg
3105.jpg
3206.jpg
3261.jpg
3281.jpg
3327.jpg
3354.jpg",What did I look at immediately after washing the celery under the tap?,"A: The napkin on the countertop.
B: The bell pepper in the stainless steel bowl.
C: The carrots on the tray.
D: The knife on the countertop.
E: The cutting board.",A
8623740d-86a1-4b83-82a0-c99923ce6bdb,"7260.jpg
7683.jpg
7712.jpg
7940.jpg
8026.jpg
8320.jpg
8843.jpg
8961.jpg
9047.jpg",What did I look at after cutting the bell pepper with the knife on the chopping board?,"A: The tray with the uncut bell pepper
B: The fresh cilantro on the tray
C: The bowl where the cut vegetables are being placed
D: The sesame seeds container
E: The salt shaker",B
8db188af-c56c-4cd0-aa45-6aa187881f08,"908.jpg
1006.jpg
1203.jpg
1264.jpg
1447.jpg
1510.jpg
1665.jpg
1717.jpg
2302.jpg",What did I look at after arranging the test materials on the table?,"A: The scissors
B: The cover of the COVID test package
C: The instruction manual
D: The test tube
E: The test swab",B
8db188af-c56c-4cd0-aa45-6aa187881f08,"3590.jpg
3928.jpg
4184.jpg
5041.jpg",What did I look at after unwrapping the test device from its pack?,"A: The ziploc bag for disposal.
B: The test tube with the solution.
C: The scissors on the table.
D: The used test packs.
E: The instructions on the COVID test package.",B
2f61dd27-2ad2-4029-b36d-19a02ae8feec,"1868.jpg
2623.jpg
3093.jpg
3206.jpg
3343.jpg
3476.jpg
3591.jpg
3728.jpg
4000.jpg",What did I look at after adding water to the pot from the bowl for the second time?,"A: The recipe paper on the counter.
B: The kitchen sink.
C: The stove controls.
D: The cabinet above the sink.
E: The utensils on the counter.",C
2f61dd27-2ad2-4029-b36d-19a02ae8feec,"11718.jpg
12390.jpg
12546.jpg
12718.jpg
12870.jpg
12992.jpg
15631.jpg
16319.jpg
16472.jpg",What did I look at immediately after dicing the scallion with the knife?,"A: The stove knob to regulate the heat.
B: The paper recipe on the countertop.
C: The pot of noodles on the stove.
D: The cutting board with diced garlic.
E: The sink area.",B
5f153be3-ed11-470c-b032-e779d7a88180,"281.jpg
663.jpg
833.jpg
1088.jpg
1393.jpg
2007.jpg
2213.jpg
2343.jpg
3428.jpg",What did I look at after cracking the eggs into the mixing bowl?,"A: The crate of eggs
B: The spoon on the rack
C: The green chilies on the counter
D: The sliced onions in the bowl
E: The camera setup in the background",B
5f153be3-ed11-470c-b032-e779d7a88180,"6134.jpg
6901.jpg
7045.jpg
7639.jpg
7926.jpg
8442.jpg
8757.jpg
9040.jpg
9308.jpg",What did I look at after adding black pepper to the mixing bowl?,"A: The whisk and spoon on the counter.
B: The sink where I washed my hands.
C: The skillet with oil on the stove.
D: The compartment where ginger is stored.
E: The spatula that was used for stirring.",C
98869610-d638-4475-8f9a-73f5f878e54e,"331.jpg
494.jpg
579.jpg
992.jpg
1051.jpg
1449.jpg
1499.jpg",What did I look at immediately after checking for breath in Frame 3?,"A: The mannequin's chest
B: The people standing nearby
C: My hands as I interlaced my fingers
D: The floor near the mannequin
E: The ceiling",C
6b90b173-de80-4a88-b52c-7eec42fd372b,"812.jpg
944.jpg
1051.jpg
1131.jpg
2028.jpg
2098.jpg
3060.jpg
3140.jpg",What did I look at immediately after checking the patient's breathing to confirm their consciousness?,"A: The patient's chest
B: The floor
C: The wall in front of me
D: The door on my left
E: The ceiling",A
6a3376a7-949e-4385-b16e-076dfb8c3f5a,"386.jpg
601.jpg
829.jpg
1005.jpg
1086.jpg
1264.jpg
1316.jpg
1554.jpg
1578.jpg",What did I look at immediately after unfolding and placing the COVID-19 test instruction manual on the table?,"A: The extra test materials in the box
B: The digital timer on the table
C: The COVID-19 testing tube seal
D: The camera setup in the room
E: The COVID-19 collection swab packaging",A
58004f8a-fd60-4db6-8145-5125a4cd346f,"422.jpg
662.jpg
735.jpg
1916.jpg
1967.jpg
3173.jpg
3220.jpg",What did I look at immediately after placing both palms on the chest of the CPR manikin?,"A: The tripod in the background
B: The face of the CPR manikin
C: The floor beneath the manikin
D: The ceiling lights
E: The wall behind the manikin",B
6fee2c75-fded-4e56-850f-0c29c809c1ee,"517.jpg
611.jpg
690.jpg
945.jpg
1431.jpg
2040.jpg
2186.jpg
2471.jpg
2571.jpg",What did I look at before getting the lemon juice jar from the white bowl?,"A: The recipe paper on the countertop.
B: The grater on the counter.
C: The napkin used to clean the countertop.
D: The black tea in the cabinet.
E: The pepper jar in the cabinet.",A
6fee2c75-fded-4e56-850f-0c29c809c1ee,"4947.jpg
5034.jpg
5343.jpg
5668.jpg
5711.jpg
5769.jpg
5925.jpg
6260.jpg
6446.jpg",What did I look at immediately after getting the salt jar from the countertop?,"A: The recipe paper on the counter.
B: The soy sauce in the cabinet.
C: The sesame oil bottle.
D: The white pepper container.
E: The honey jar.",B
46018fc1-21a0-4c62-b009-ad420b731686,"117.jpg
171.jpg
206.jpg
262.jpg
379.jpg
897.jpg
974.jpg
1027.jpg
1071.jpg",What did I look at immediately after checking the patient's breathing by putting my ear close to their nose?,"A: The patient's chest
B: The patient's shoulder
C: The patient's face
D: The floor
E: The ceiling",B
c529c120-c1fb-4504-97c7-52912c2aa3c0,"179.jpg
309.jpg
338.jpg
433.jpg
590.jpg
680.jpg
723.jpg
1126.jpg
1309.jpg",What did I look at immediately after getting the spring onion from the countertop?,"A: The trash bin to dispose of the root.
B: The knife on the countertop.
C: The chopping board in the cabinet.
D: The sink to wash the spring onion.
E: The cutting board to prepare for slicing.",B
c529c120-c1fb-4504-97c7-52912c2aa3c0,"7218.jpg
7277.jpg
7428.jpg
7459.jpg
7497.jpg
8051.jpg
8198.jpg
8486.jpg
8556.jpg",What did I look at immediately after cracking the egg into the mixing bowl?,"A: The trash bin
B: The fork on the countertop
C: The salt container
D: The egg crate
E: The mixing bowl",A
e846fd07-a298-4313-a591-04292b5c5097,"373.jpg
618.jpg
718.jpg
1084.jpg
2000.jpg
2279.jpg
2399.jpg
2792.jpg
3177.jpg",What did I look at immediately after adding olive oil to the cup with a measuring spoon for the second time?,"A: The recipe sheet
B: The kitchen island
C: The sink
D: The measuring spoon
E: The olive oil bottle",A
e846fd07-a298-4313-a591-04292b5c5097,"10291.jpg
10835.jpg
11099.jpg
13514.jpg
13630.jpg
13888.jpg
14136.jpg
16594.jpg
17350.jpg",What did I look at immediately after reading the recipe sheet?,"A: The carrot pack on the kitchen island
B: The sink
C: The waste bin
D: The red bell pepper
E: The chopping board",A
83d9f439-642d-47b8-bc95-1a9442a0f4f6,"162.jpg
606.jpg
664.jpg
769.jpg
1102.jpg
1441.jpg
1631.jpg
2151.jpg
2305.jpg",What did I look at immediately after adding water into the pot?,"A: The black tea container in the cabinet.
B: The measuring spoon on the countertop.
C: The mug on the countertop.
D: The stove controls.
E: The pot on the stove.",E
83d9f439-642d-47b8-bc95-1a9442a0f4f6,"4828.jpg
4885.jpg
5782.jpg
6010.jpg
6694.jpg
7868.jpg
7915.jpg
7960.jpg
8345.jpg",What did I look at immediately after adding milk to the tea in the pot?,"A: The sugar container on the countertop.
B: The stove controls to regulate heat.
C: The carton of milk on the countertop.
D: The spoon on the countertop.
E: The recipe book on the counter.",A
be266e24-9627-4b79-84cb-1606b5743f0b,"938.jpg
1570.jpg
2239.jpg
4168.jpg
5170.jpg
6347.jpg
7489.jpg
9136.jpg
9545.jpg",What did I look at after slicing the beef tomatoes on the chopping board with a knife?,"A: The skillet heating on the stove.
B: The bowl of whisked eggs.
C: The refrigerator to get more ingredients.
D: The kitchen sink to wash my hands.
E: The microwave to heat something.",A
be266e24-9627-4b79-84cb-1606b5743f0b,"15144.jpg
19313.jpg
19611.jpg
19918.jpg
20191.jpg
21127.jpg
21360.jpg
21707.jpg
23113.jpg",What did I look at before rinsing the bowl under the kitchen tap?,"A: The jar of oil on the countertop.
B: The skillet with scrambled eggs and tomatoes.
C: The fork that was just used.
D: The cutting board with remaining ingredients.
E: The ladle used for stirring.",B
1215d140-b34c-43f3-82dc-c3f102bbf1e4,"292.jpg
446.jpg
633.jpg
961.jpg
1232.jpg
1394.jpg
1880.jpg
2407.jpg
2802.jpg",What did I look at after adding butter to the skillet?,"A: The eggs on the countertop.
B: The stove knob to regulate heat.
C: The tomato near the sink.
D: The salt container on the counter.
E: The spatula in the plate dryer.",B
1215d140-b34c-43f3-82dc-c3f102bbf1e4,"6297.jpg
6428.jpg
6604.jpg
7188.jpg
7376.jpg
7446.jpg",What did I look at immediately after switching off the socket on the wall?,"A: The skillet on the countertop.
B: The plate with food.
C: The sink area.
D: The stove and cooking ingredients.
E: The cabinet above the counter.",D
fb626925-969e-48ea-aeda-ef99300fb8f7,"1135.jpg
1183.jpg
1591.jpg
2216.jpg
3854.jpg
5490.jpg
6256.jpg
7195.jpg
7904.jpg",What did I look at immediately after turning on the heat of the electric kettle?,"A: The cup in the cabinet.
B: The tea bag in the cabinet.
C: The sugar on the countertop.
D: The spoon in the drawer.
E: The kettle as it started to boil.",A
4535b913-a861-4a1a-b75f-5718ad3a5361,"271.jpg
981.jpg
3203.jpg
4010.jpg
4458.jpg
5553.jpg
5950.jpg
6729.jpg
7984.jpg",What did I look at immediately after adding water and degreaser to the brushes in Frame 2?,"A: The chain on the bicycle.
B: The paper towel on the table.
C: The tripod in the background.
D: The person standing near the door.
E: The tools on the workbench.",A
9759968e-f72c-43b4-950e-3f715fdcd4ee,"476.jpg
1029.jpg
1580.jpg
1764.jpg
2441.jpg
2549.jpg
3206.jpg
3353.jpg
4009.jpg",What did I look at after I cleaned the chain while it remained stationary with the two brushes?,"A: The soapy water where I dipped the brushes.
B: The tripod setup in the corner of the room.
C: The window to check the lighting.
D: The tools on the table.
E: The bicycle's handlebars.",A
3540ae4e-89f8-4f61-8606-3492031c35fe,"53.jpg
245.jpg
356.jpg
489.jpg
610.jpg
690.jpg
2245.jpg
6483.jpg
6519.jpg",What did I look at immediately after getting the electric kettle from the countertop?,"A: The sink
B: The water faucet
C: The coffee maker
D: The stove
E: The refrigerator",B
ab4b4145-563f-42f9-bfb6-97b48bdaa2c7,"730.jpg
1147.jpg
1383.jpg
1479.jpg
1900.jpg
2043.jpg
2188.jpg
2592.jpg
2776.jpg",What did I look at immediately after reducing the water in the pot?,"A: The ground coffee container on the countertop.
B: The spoon on the kitchen countertop.
C: The napkin on the kitchen countertop.
D: The mug on the kitchen countertop.
E: The gas burner.",C
ab4b4145-563f-42f9-bfb6-97b48bdaa2c7,"6439.jpg
6659.jpg
6732.jpg
6765.jpg
7029.jpg
7523.jpg
7586.jpg
7699.jpg",What did I look at after pouring the hot water into the mug?,"A: The gas burner
B: The kitchen sink
C: The pot on the stove
D: The ground coffee container
E: The spoon",B
51fc36b3-e769-4617-b087-3826b280cad3,"298.jpg
400.jpg
657.jpg
684.jpg
1903.jpg
2171.jpg
2343.jpg
2413.jpg
2588.jpg",What did I look at immediately after cutting the tomato on the chopping board?,"A: The paper recipe
B: The egg on the countertop
C: The mixing bowl
D: The sink
E: The knife",A
51fc36b3-e769-4617-b087-3826b280cad3,"5752.jpg
5837.jpg
6230.jpg
6724.jpg
6851.jpg
7282.jpg
7426.jpg
7512.jpg
7817.jpg",What did I look at immediately after checking the paper recipe for the second time?,"A: The spatula on the countertop.
B: The oil bottle on the countertop.
C: The skillet on the stove.
D: The egg mixture in the bowl.
E: The scoop on the countertop.",A
60475f06-2613-4496-939a-5381e7807349,"188.jpg
439.jpg
845.jpg
863.jpg
991.jpg
1009.jpg
1234.jpg
1529.jpg
1710.jpg",What did I look at after slicing the cucumber and before getting the tomato from the countertop?,"A: The bowl on the countertop.
B: The other portion of the cucumber on the chopping board.
C: The knife in my hand.
D: The stove.
E: The dining table.",B
a57a2fd6-18dd-446e-b11c-fe8b127ebb5b,"281.jpg
365.jpg
468.jpg
680.jpg
1222.jpg
1376.jpg
1638.jpg
2022.jpg
2211.jpg",What did I look at immediately after getting the flour container from the kitchen cabinet?,"A: The salt container in the cabinet.
B: The recipe instructions on my phone.
C: The egg crate in the refrigerator.
D: The measuring spoon in the drawer.
E: The wooden rolling pin on the counter.",A
a57a2fd6-18dd-446e-b11c-fe8b127ebb5b,"5634.jpg
5841.jpg
5937.jpg
6192.jpg
6274.jpg
7224.jpg
8169.jpg
8323.jpg
8574.jpg",What did I look at immediately after cracking the egg into the small bowl?,"A: The trash can to dispose of the eggshell.
B: The faucet to wash my hands.
C: The kitchen hand towel to wipe my hands.
D: The phone to check the recipe instructions.
E: The mixing bowl to create a hole in the flour.",A
ba2086b2-f43f-4096-8b84-e9a3bfc0020b,"755.jpg
977.jpg
1456.jpg
1559.jpg
1626.jpg
1818.jpg
1907.jpg
3582.jpg
3945.jpg",What did I look at immediately after cracking the eggs into the mixing bowl?,"A: The waste bin to throw out the eggshells.
B: The countertop to get salt.
C: The sink to wash my hands.
D: The stove to turn it on.
E: The fork to start whisking.",B
ba2086b2-f43f-4096-8b84-e9a3bfc0020b,"6025.jpg
6554.jpg
6663.jpg
6898.jpg
7081.jpg
7222.jpg
7668.jpg
7742.jpg
7950.jpg",What did I look at immediately after cutting the tomato on the cutting board?,"A: The stove to check if it was turned on.
B: The skillet to ensure oil was evenly spread.
C: The sink to wash my hands.
D: The countertop to get more ingredients.
E: The dining area to see if anyone needed help.",B
d1888843-9fb6-4a0b-a732-978d03786ae6,"238.jpg
623.jpg
702.jpg
1394.jpg
1658.jpg
2025.jpg",What did I look at immediately after adding the tea bag to the teacup?,"A: The electric kettle
B: The sugar container
C: The milk carton
D: The sink
E: The stove",B
c0a72173-8842-426c-a9ed-2b438af173f3,"2567.jpg
2647.jpg
2929.jpg
3026.jpg
3127.jpg
3339.jpg
3700.jpg
3863.jpg
4248.jpg",What did I look at before getting the tea bags from the kitchen island?,"A: The stove knob
B: The refrigerator
C: The mug on the counter
D: The saucepan on the stovetop
E: The sugar in the cabinet",D
c0a72173-8842-426c-a9ed-2b438af173f3,"11117.jpg
11299.jpg
13635.jpg
13900.jpg
14585.jpg
14787.jpg
14985.jpg
15233.jpg
15306.jpg",What did I look at immediately after removing the saucepan from the stovetop?,"A: The stove controls to turn it off.
B: The kitchen sink to clean the saucepan.
C: The sugar container on the counter.
D: The tea bags in the waste bin.
E: The cabinet where I stored the sugar.",A
dcfbcea7-821d-4f06-9ecd-95f4b99a9b4b,"438.jpg
746.jpg
926.jpg
1096.jpg
1426.jpg
1692.jpg
1885.jpg
2267.jpg
3301.jpg",What did I look at after using the tire lever to loosen the bike tire from the wheel rim?,"A: The new inner tube on the table.
B: The valve stem hole on the wheel rim.
C: The tools in the toolbox.
D: The floor for any dropped parts.
E: The bicycle frame.",B
343a1a5a-5141-4427-9362-989a767143ef,"397.jpg
426.jpg
781.jpg
1228.jpg
1412.jpg
2095.jpg
3304.jpg
4171.jpg
4259.jpg",What did I look at after removing the stem nut from the wheel with a wrench?,"A: The tire lever on the table.
B: The bicycle's frame.
C: The floor near the workbench.
D: The inner tube on the ground.
E: The pump on the wall.",A
e3160bd8-6829-4c41-9db5-bfc750728405,"1509.jpg
3089.jpg
3454.jpg
4295.jpg",What did I look at before I started applying the chain lube to the rollers?,"A: The toothbrushes on the floor.
B: The bicycle's handlebars.
C: The toolbox on the floor.
D: The chain lube bottle on the floor.
E: The pedals of the bicycle.",D
de9efe94-a548-4e07-8a37-7a60abb40dac,"224.jpg
466.jpg
789.jpg
1178.jpg
1705.jpg
2683.jpg
2779.jpg
4902.jpg
5082.jpg",What did I look at after slicing the tomatoes on the cutting board in Frame 8?,"A: The paper recipe on the counter top.
B: The tissue paper on the counter top.
C: The saucepan from the drawer.
D: The knife on the counter top.
E: The tomato pack.",A
de9efe94-a548-4e07-8a37-7a60abb40dac,"7472.jpg
7523.jpg
7643.jpg
7745.jpg
8112.jpg
8284.jpg
8476.jpg
8611.jpg
9157.jpg",What did I look at immediately after adding a little water into the egg in the bowl for the second time?,"A: The paper recipe on the countertop.
B: The drawer to get a fork.
C: The sink area.
D: The whisking motion of the egg.
E: The shelf with ingredients.",A
783c918b-1473-4b72-b106-cb2718c46af8,"951.jpg
1133.jpg
1269.jpg
1640.jpg
1801.jpg
1883.jpg
2085.jpg
2518.jpg
2694.jpg",What did I look at immediately after filling the pot with water?,"A: The stove
B: The countertop
C: The sink
D: The cabinet
E: The faucet",A
783c918b-1473-4b72-b106-cb2718c46af8,"4897.jpg
5628.jpg
6110.jpg
6216.jpg
6563.jpg
6674.jpg
6750.jpg
7046.jpg
7176.jpg",What did I look at after getting the coffee filter from the cabinet?,"A: The coffee grounds in the cabinet.
B: The chocolate water boiling on the stove.
C: The spoon on the rack.
D: The milk in the cabinet.
E: The steam wand on the counter.",A
d6ab4bdc-52c8-4398-ac3a-aff30f66260c,"583.jpg
819.jpg
1002.jpg
1441.jpg
4179.jpg
4576.jpg
4620.jpg
4933.jpg
5026.jpg",What did I look at after I unpacked the new tube?,"A: The valve cap on the new tube.
B: The partially inflated old tube.
C: The tire and wheel for deformation.
D: The workbench for tools.
E: The inner tube hole on the rim.",A
53ee9e25-ba9b-429e-9cad-70c223a2f881,"101.jpg
220.jpg
754.jpg
818.jpg
980.jpg
1109.jpg
1772.jpg
1810.jpg
1983.jpg",What did I look at before stirring the noodles in the boiling pan with the spoon?,"A: The gas burner to regulate the heat.
B: The kitchen countertop to get a spoon.
C: The noodles to check their doneness.
D: The sink to wash my hands.
E: The refrigerator to take out ingredients.",A
53ee9e25-ba9b-429e-9cad-70c223a2f881,"4601.jpg
4638.jpg
4662.jpg
4858.jpg
4934.jpg
4980.jpg
5129.jpg
5194.jpg
5893.jpg",What did I look at immediately after placing the oil container on the kitchen countertop?,"A: The gas burner
B: The cutting board
C: The garlic cloves
D: The spoons
E: The skillet",E
1f22e560-2372-43b2-83c4-e452c3287fc1,"700.jpg
931.jpg
1979.jpg
2042.jpg
2498.jpg
2771.jpg
2995.jpg
5617.jpg
7135.jpg",What did I look at after engaging the tire lever on the rim of the wheel?,"A: The dust cap on the valve.
B: The inner tube inside the wheel.
C: The new inner tube on the table.
D: The tools scattered on the floor.
E: The unpacked new inner tube.",A
2d146c0f-88df-483d-8a26-efb052b9a8ac,"405.jpg
543.jpg
819.jpg
1148.jpg
1281.jpg
1674.jpg
1867.jpg
2137.jpg
2666.jpg",What did I look at immediately after turning on the electric kettle?,"A: The mug on the kitchen counter.
B: The trash can in the corner.
C: The cinnamon powder container.
D: The refrigerator handle.
E: The sink area.",A
9abb07b4-f708-4571-8a82-d5baf748980d,"259.jpg
879.jpg
995.jpg
1370.jpg
2014.jpg
2166.jpg
2565.jpg
3388.jpg
6973.jpg",What did I look at after filling the electric kettle with water?,"A: The cabinet where the teabags are stored.
B: The refrigerator to get a milk jar.
C: The sink area to rinse my hands.
D: The countertop where the mug and saucer are placed.
E: The sugar container in the cabinet.",A
f7b3e85b-7681-48b3-97cb-6b0a5705022e,"218.jpg
468.jpg
747.jpg
813.jpg
1027.jpg
1317.jpg
1667.jpg
1779.jpg
2319.jpg",What did I look at after adding some butter to the skillet for the second time?,"A: The stove knob
B: The cutlery holder on the countertop
C: The spatula in the skillet
D: The electric stove
E: The butter container",C
f7b3e85b-7681-48b3-97cb-6b0a5705022e,"4924.jpg
5002.jpg
5111.jpg
5235.jpg
5297.jpg
5732.jpg
5833.jpg
5992.jpg
6045.jpg",What did I look at immediately after adjusting the stove heat?,"A: The container of black pepper on the countertop.
B: The eggs in the skillet.
C: The salt packet on the countertop.
D: The microwave above the stove.
E: The tripod near the wall.",A
19912997-45b4-4c43-8209-7599079d8eed,"176.jpg
298.jpg
477.jpg
537.jpg
1114.jpg
1259.jpg
1622.jpg
1711.jpg
1915.jpg",What did I look at immediately after cracking the egg into the mixing bowl?,"A: The crate of eggs
B: The sink
C: The stove knob
D: The whisk
E: The salt container",B
dcca4382-3494-4bb2-b79a-0e514513895e,"566.jpg
917.jpg
1190.jpg
1207.jpg
2834.jpg
2944.jpg
3884.jpg
4252.jpg
4726.jpg",What did I look at before getting the spring onions from the bowl?,"A: The electric stove
B: The skillet on the countertop
C: The sink
D: The knife in the bowl
E: The celeries in the bowl",D
dcca4382-3494-4bb2-b79a-0e514513895e,"7758.jpg
7933.jpg
8330.jpg
8493.jpg
8669.jpg
9067.jpg
9702.jpg
9929.jpg
10097.jpg",What did I look at immediately after adding cooking oil to the skillet?,"A: The countertop where the soy sauce is located.
B: The electric stove controls.
C: The noodles in the skillet.
D: The bottle of cooking oil on the countertop.
E: The mix of ingredients on the counter.",D
fb733912-4a66-4821-9313-344628fd1154,"568.jpg
648.jpg
968.jpg
1622.jpg
1872.jpg
2355.jpg
2755.jpg",What did I look at immediately after pouring milk into the tea bags in the cup?,"A: The sugar bag on the countertop.
B: The kettle to pour hot water.
C: The stirrer for steeping the tea.
D: The plate of food on the counter.
E: The milk container.",A
8671219e-79fe-487b-b62e-0bc080088127,"315.jpg
645.jpg
957.jpg
1772.jpg
1952.jpg
2331.jpg
2579.jpg
2970.jpg
3159.jpg",What did I look at immediately after adding milk to the measuring cup?,"A: The recipe paper on the counter.
B: The water in the saucepan.
C: The milk carton.
D: The cooker's heat settings.
E: The measuring cup.",A
8671219e-79fe-487b-b62e-0bc080088127,"6197.jpg
6300.jpg
7522.jpg
7926.jpg
10720.jpg
12397.jpg
12806.jpg
12890.jpg
13581.jpg",What did I look at after adding tea leaves to the tea?,"A: The sieve on the counter.
B: The milk in the pot.
C: The cooker's heat settings.
D: The spoon for stirring.
E: The recipe paper.",C
109db476-2edd-4968-b2da-6abec1a199da,"120.jpg
567.jpg
890.jpg
1064.jpg
1259.jpg
1394.jpg
1568.jpg
1623.jpg
1795.jpg",What did I look at immediately after placing the bowl on the stove?,"A: The cup on the countertop.
B: The sugar packet on the countertop.
C: The spoon in the cabinet.
D: The milk carton on the countertop.
E: The gas lighter on the stove.",E
e7192f4a-1559-409e-9628-34fde0504bee,"661.jpg
723.jpg
813.jpg
1593.jpg",What did I look at after releasing the caliper rim brake pads?,"A: The wrench on the floor.
B: The removed wheel lying beside me.
C: The axle nuts on the bicycle frame.
D: The tools in the background.
E: The handlebars of the bike.",C
6bc7a29f-3397-4549-9ee2-d98fa93da873,"262.jpg
375.jpg
615.jpg
740.jpg
773.jpg
861.jpg
927.jpg
1899.jpg
2032.jpg",What did I look at immediately after disposing the ginger peel?,"A: The trash can
B: The pot of boiling water
C: The skillet on the stove
D: The chopping board
E: The sink",C
6bc7a29f-3397-4549-9ee2-d98fa93da873,"4790.jpg
4871.jpg
4952.jpg
5253.jpg
5580.jpg
5898.jpg
5954.jpg
6393.jpg
6563.jpg",What did I look at immediately after adding oil into the skillet?,"A: The stove to regulate the heat
B: The cutting board with chopped ingredients
C: The pot of boiling noodles
D: The faucet for rinsing
E: The spoon on the counter",A
3c7e6b2f-75c5-46d6-b0c0-880429a93e10,"274.jpg
621.jpg
978.jpg
1083.jpg
1278.jpg
1533.jpg
1694.jpg
1819.jpg
2194.jpg",What did I look at immediately after cracking the egg with a fork?,"A: The mug on the counter.
B: The sink.
C: The stove.
D: The crate of eggs.
E: The salt shaker.",A
7fb68600-a998-46ae-b2b0-72fd1978b8fd,"382.jpg
678.jpg
1064.jpg
1543.jpg
2224.jpg
2455.jpg
2503.jpg
2583.jpg
2918.jpg",What did I look at before getting the timer from the countertop?,"A: The recipe on the counter.
B: The boiling pot on the stove.
C: The bowl containing ginger and milk.
D: The cabinet with cinnamon sticks.
E: The sink area.",A
7fb68600-a998-46ae-b2b0-72fd1978b8fd,"5125.jpg
5404.jpg
5506.jpg
5692.jpg
5758.jpg
5835.jpg
6057.jpg
6093.jpg
6292.jpg",What did I look at immediately after adding the cinnamon stick to the boiling pot?,"A: The recipe on the countertop.
B: The fennel seeds container.
C: The ginger in my hand.
D: The sugar container on the counter.
E: The stove controls.",A
c8749317-8f4c-443a-9f82-6b18edbcac23,"176.jpg
351.jpg
442.jpg
822.jpg
1228.jpg
1545.jpg
1632.jpg
2371.jpg
2479.jpg",What did I look at immediately after turning off the cooker?,"A: The glass cup on the countertop.
B: The saucepan on the counter.
C: The running tap in the sink.
D: The recipe card on the table.
E: The empty contents of the saucepan.",B
c8749317-8f4c-443a-9f82-6b18edbcac23,"4352.jpg
4715.jpg
4766.jpg
4883.jpg
5324.jpg
5737.jpg
6003.jpg
6321.jpg
6862.jpg",What did I look at immediately after checking the heat of the saucepan with my right hand?,"A: The measuring spoon on the countertop.
B: The recipe card next to the cutting board.
C: The peeled ginger in the small bowl.
D: The cinnamon sticks on the counter.
E: The digital clock on the cooker.",C
9d7d1acd-671f-4662-9c30-6ec10abd219a,"178.jpg
488.jpg
6709.jpg
8585.jpg
10497.jpg
11602.jpg
12077.jpg
13066.jpg
13656.jpg",What did I look at after I diced the bell pepper with the knife?,"A: The paper recipe
B: The bowl of cilantro
C: The grater and carrot
D: The mixing bowl with oil
E: The cutting board with celery",A
9d7d1acd-671f-4662-9c30-6ec10abd219a,"20812.jpg
21084.jpg
21436.jpg
21586.jpg
22231.jpg
22555.jpg
23324.jpg
24072.jpg
24581.jpg",What did I look at immediately after adding diced garlic to the mixing bowl?,"A: The recipe paper
B: The salt container
C: The tissue paper
D: The salad dressing ingredients
E: The cardamom powder",B
581e8371-9aae-4a33-ae80-2ed2628f5038,"1436.jpg
2325.jpg
2637.jpg
2788.jpg
3109.jpg
4146.jpg
4596.jpg
4621.jpg
4740.jpg",What did I look at immediately after arranging the COVID-19 test materials on the table?,"A: The instruction manual
B: The testing tube
C: The collection swab bag
D: The tripod camera setup
E: The scissors",A
f9dbdf83-0135-4fdd-973a-f207c79b3453,"527.jpg
732.jpg
894.jpg
951.jpg
1338.jpg
1517.jpg
2249.jpg
2454.jpg
2508.jpg",What did I look at immediately after cracking the eggs into the bowl?,"A: The kitchen sink
B: The whisking spoon in my hand
C: The black pepper package on the counter
D: The measuring spoons in the dish rack
E: The cutting board with vegetables",B
f9dbdf83-0135-4fdd-973a-f207c79b3453,"5228.jpg
5502.jpg
5624.jpg
5776.jpg
5810.jpg
6293.jpg
6649.jpg
7134.jpg
8435.jpg",What did I look at immediately after adding oil to the skillet?,"A: The gas burner controls
B: The egg mixture in the bowl
C: The kitchen cabinet
D: The sink area
E: The spice rack",A
dcf60f14-5b6e-4550-b1ed-0befd0849074,"496.jpg
851.jpg
943.jpg
3868.jpg
4275.jpg
5309.jpg
6004.jpg
7111.jpg
8673.jpg",What did I look at immediately after pouring water into the bowl?,"A: The gas stove
B: The pot on the counter
C: The milk carton
D: The coffee grounds
E: The lighter",A
642c0099-f952-4be6-83b8-cb8bfd94f7bb,"701.jpg
755.jpg
1012.jpg
1187.jpg
1284.jpg
1499.jpg
2026.jpg
2440.jpg
2637.jpg",What did I look at after getting the red bell pepper from the refrigerator?,"A: The pack of sesame seeds
B: The celery in the fridge
C: The carrot pack
D: The tomato pack
E: The onion",B
642c0099-f952-4be6-83b8-cb8bfd94f7bb,"7703.jpg
8790.jpg
9357.jpg
9379.jpg
9584.jpg
9700.jpg
10421.jpg
10854.jpg
12518.jpg",What did I look at after slicing the onion on the chopping board?,"A: The plate in the cabinet.
B: The sink to dispose of the paper towel.
C: The red bell pepper on the counter.
D: The celery near the cutting board.
E: The stove and cooking pots.",A
5e7458ef-3f06-42ce-a9a9-0c79b557c3bd,"390.jpg
577.jpg
1892.jpg
2075.jpg
2605.jpg
4153.jpg
4189.jpg
7491.jpg
7643.jpg",What did I look at after I removed dirt from the chain with a toothbrush?,"A: The brake of the wheel.
B: The tool box on the floor.
C: The bicycle seat.
D: The tripod in the background.
E: The chain lube on the floor.",E
cc27440d-408b-4280-9436-e844ad5e7d6f,"4089.jpg
7146.jpg
9030.jpg
9088.jpg
14736.jpg
17371.jpg
17478.jpg
18073.jpg
18121.jpg",What did I look at after cutting the tomato on the cutting board?,"A: The recipe on the kitchen counter.
B: The spring onions on the counter.
C: The garlic cloves on the cutting board.
D: The egg crate on the counter.
E: The bowl in the cabinet.",A
cc27440d-408b-4280-9436-e844ad5e7d6f,"19980.jpg
20122.jpg
24028.jpg
24257.jpg
24372.jpg
24521.jpg
24674.jpg
25685.jpg
25878.jpg",What did I look at immediately after checking the recipe on the kitchen counter?,"A: The utensil bowl to get a fork
B: The stove to turn it on
C: The measuring spoon for adding ingredients
D: The skillet on the utensil rack
E: The bottle of oil on the counter",A
22f0fe6e-c298-4478-a15a-1541ba2434b4,"355.jpg
820.jpg
959.jpg
1464.jpg
1512.jpg
2254.jpg
2902.jpg
3028.jpg
3390.jpg",What did I look at immediately after adding milk to the bowl?,"A: The boiling pot of water on the stove.
B: The chocolate pack on the countertop.
C: The lighter next to the stove.
D: The sink in the background.
E: The milk container on the countertop.",E
22f0fe6e-c298-4478-a15a-1541ba2434b4,"7578.jpg
8449.jpg
8574.jpg
8748.jpg
8805.jpg
8919.jpg
9865.jpg
10008.jpg
11018.jpg",What did I look at after placing the coffee filter on the countertop?,"A: The boiling bowl of water.
B: The ceramic bowl on the counter.
C: The kitchen towel on the counter.
D: The coffee grounds container.
E: The sink.",A
864227f5-9937-4e42-894e-b96e59ad5e31,"416.jpg
543.jpg
700.jpg
1163.jpg
2162.jpg",What did I look at after pulling the release lever on the bike outwards for the second time?,"A: The gear shifter
B: The bike air pump
C: The wrench and axle nuts
D: The smallest cog on the rear wheel
E: The handlebars",B
eac4b49b-cf4f-4925-bdbe-5ab98d0bae74,"678.jpg
892.jpg
1046.jpg
1512.jpg
2922.jpg
3340.jpg
4165.jpg
4347.jpg
4550.jpg",What did I look at immediately after cracking the eggs into the mixing bowl?,"A: The trash can to dispose of the eggshells.
B: The refrigerator to get more ingredients.
C: The sink to wash my hands.
D: The countertop to find a spoon.
E: The stove to start cooking.",A
eac4b49b-cf4f-4925-bdbe-5ab98d0bae74,"7328.jpg
7501.jpg
7847.jpg
7943.jpg
9222.jpg
9307.jpg
9680.jpg
9752.jpg
10122.jpg",What did I look at immediately after peeling the garlic cloves?,"A: The knife on the countertop.
B: The sink to wash my hands.
C: The stove to check if it was hot.
D: The cutting board to prepare for chopping.
E: The refrigerator to get more ingredients.",D
b2db39d4-cc06-4821-8545-e22c3ab67eab,"366.jpg
411.jpg
828.jpg
1059.jpg",What did I look at after slicing the cucumber on the chopping board?,"A: The bowl where the sliced cucumber was added.
B: The stove to check if it was turned on.
C: The tomato that needed to be diced next.
D: The sink to wash my hands.
E: The refrigerator to get more ingredients.",C
ad14de7c-ea6f-4811-a590-1ee8a65275e4,"210.jpg
300.jpg
700.jpg
1282.jpg
1439.jpg
1585.jpg
1685.jpg
2039.jpg
2256.jpg",What did I look at immediately after getting the crate of eggs from the refrigerator?,"A: The carton of milk in the refrigerator
B: The cheese in the refrigerator
C: The mixing bowl in the kitchen cabinet
D: The whisk in the kitchen drawer
E: The black pepper in the kitchen cupboard",A
ad14de7c-ea6f-4811-a590-1ee8a65275e4,"5310.jpg
5439.jpg
5527.jpg
5742.jpg
5983.jpg
6620.jpg
6785.jpg
6915.jpg
7384.jpg",What did I look at immediately after adding the red chili powder to the egg mixture?,"A: The stove
B: The whisk in the mixing bowl
C: The kitchen sink
D: The plate from the cupboard
E: The trash can",B
a261cc1d-7a45-479f-81a9-7c73eb379e6c,"123.jpg
249.jpg
301.jpg
363.jpg
872.jpg
1053.jpg
1271.jpg
2151.jpg
2404.jpg",What did I look at immediately after adding salt to the noodles in the saucepan?,"A: The stove's heat control
B: The skillet on the counter
C: The bowl of cabbage
D: The sink
E: The spice rack",A
a261cc1d-7a45-479f-81a9-7c73eb379e6c,"5485.jpg
5988.jpg
7513.jpg
7791.jpg
8435.jpg
8614.jpg
9160.jpg
9425.jpg
9545.jpg",What did I look at immediately after peeling the skin of a spring onion?,"A: The trash can where I threw the peeled skin.
B: The cutting board to continue chopping vegetables.
C: The bowl of spring onions to select another one.
D: The stove to check if the noodles were ready.
E: The kitchen counter for a bottle of oil.",A
4af687ac-9602-48b9-acaf-c0085bc2fe53,"3067.jpg
3191.jpg
3252.jpg
3641.jpg
3848.jpg
4010.jpg
4099.jpg
4650.jpg
4843.jpg",What did I look at immediately after checking the recipe instruction paper?,"A: The cutting board with the tomato waste.
B: The sink to get a bowl.
C: The crate of eggs on the countertop.
D: The running water in the sink.
E: The kitchen towel.",C
4af687ac-9602-48b9-acaf-c0085bc2fe53,"7204.jpg
7421.jpg
8080.jpg
8232.jpg
8536.jpg
9411.jpg
9540.jpg
9793.jpg
9858.jpg",What did I look at after checking the recipe instruction paper?,"A: The garlic cloves on the countertop.
B: The spices on the shelf.
C: The cutting board with the knife.
D: The sink area.
E: The skillet on the stove.",A
8ee798db-d02b-46ab-86f9-2091da1fb85e,"219.jpg
553.jpg
1133.jpg
1249.jpg
1457.jpg
1737.jpg
1947.jpg
1972.jpg
2036.jpg",What did I look at after tightening the brake cable to the rear axle on the wheel?,"A: The brake pads
B: The pedal of the bike
C: The wrench on the toolbench
D: The front handlebars
E: The seat of the bike",A
3059469a-03fc-4ae0-bbf7-b08187d1b290,"1386.jpg
2097.jpg
2379.jpg
2490.jpg
2549.jpg
2927.jpg
3439.jpg
3489.jpg
3559.jpg",What did I look at immediately after checking the temperature of the skillet for the first time?,"A: The oil bottle on the stove top.
B: The sink to wash my hands.
C: The kitchen towel hanging nearby.
D: The control panel of the stove.
E: The countertop near the sink.",A
60a5958c-4530-4eba-886a-a3474ab1fc7a,"687.jpg
995.jpg
1233.jpg
1687.jpg
1743.jpg
2677.jpg
4958.jpg
5356.jpg
5963.jpg",What did I look at immediately after getting the cucumber from the refrigerator?,"A: The bowl on the counter.
B: The sink faucet.
C: The cabinet where I got the bowl.
D: The chopping board.
E: The knife on the counter.",C
60a5958c-4530-4eba-886a-a3474ab1fc7a,"11168.jpg
11264.jpg
11529.jpg
12194.jpg",What did I look at before getting the salt container from the counter top?,"A: The salad mixture in the bowl.
B: The sink area.
C: The spice rack.
D: The refrigerator.
E: The stove.",A
d8f1f126-5984-43c3-8774-45c6d6ac447c,"645.jpg
757.jpg
892.jpg
1504.jpg
1590.jpg
1601.jpg
1638.jpg
2200.jpg
2312.jpg",What did I look at immediately after signaling for help with my right hand?,"A: The patient's chest
B: The ceiling lights
C: The people in the room
D: The tripod setup
E: The floor",C
8634c58a-95ee-4aed-aa80-9392073815cf,"549.jpg
680.jpg
1270.jpg
1789.jpg
3196.jpg
3429.jpg
4477.jpg
7459.jpg
7647.jpg",What did I look at after slicing the onions on the chopping board?,"A: The stove to turn on the heat.
B: The ground beef in the fridge.
C: The sink to wash my hands.
D: The eggs in the egg crate.
E: The refrigerator to get more ingredients.",A
8634c58a-95ee-4aed-aa80-9392073815cf,"11805.jpg
11964.jpg
12097.jpg
12149.jpg
12337.jpg
12623.jpg
12688.jpg
12928.jpg
13443.jpg",What did I look at immediately after adding salt to the mix of ingredients in the skillet?,"A: The pepper container on the countertop.
B: The white pepper container on the countertop.
C: The cutting board with vegetables.
D: The sink area.
E: The stove controls.",A
d6646c16-5307-4488-b7a0-4f7fa0a6f3f8,"383.jpg
527.jpg
1132.jpg
1223.jpg
1267.jpg
1441.jpg
5207.jpg",What did I look at immediately after getting the degreaser from the table?,"A: The cleaning cloth on the table.
B: The bicycle chain.
C: The tools on the workbench.
D: The storage bins in the background.
E: The tripod near the entrance.",B
11b8d7e3-9c5e-4652-84ef-91504a07f332,"169.jpg
197.jpg
245.jpg
2549.jpg
2691.jpg
2962.jpg
3071.jpg
3231.jpg
3314.jpg",What did I look at immediately after placing the skillet on the stove?,"A: The bowl in the cabinet.
B: The eggs in the tray.
C: The countertop where the tomato was cut.
D: The chopping board on the counter.
E: The sink area.",C
11b8d7e3-9c5e-4652-84ef-91504a07f332,"4724.jpg
4772.jpg
4872.jpg
5296.jpg
5480.jpg
5802.jpg
5883.jpg
6024.jpg
6123.jpg",What did I look at before adding salt to the mixing bowl?,"A: The skillet with butter
B: The countertop where the salt is located
C: The egg mixture in the bowl
D: The cabinet for tomatoes
E: The cutting board with ingredients",B
952ca52f-91d7-40a8-b254-affcc831112a,"251.jpg
445.jpg
1000.jpg
1226.jpg
1644.jpg
1798.jpg
2421.jpg
3357.jpg
3570.jpg",What did I look at after adding the noodles to the boiling water?,"A: The celery on the counter top.
B: The stove controls.
C: The garlic cloves.
D: The skillet with the boiling water.
E: The sink.",D
952ca52f-91d7-40a8-b254-affcc831112a,"7255.jpg
7657.jpg
7940.jpg
8352.jpg
9196.jpg
9359.jpg
9927.jpg",What did I look at immediately after adding the tomato sauce to the skillet?,"A: The bottle of oyster sauce
B: The stove controls
C: The bottle of olive oil
D: The spatula on the counter
E: The plate for serving",A
8efe9efd-58b9-4c95-be38-0f238bdba4ee,"103.jpg
738.jpg
923.jpg
1543.jpg
2461.jpg
2522.jpg
2566.jpg
2723.jpg
2930.jpg",What did I look at immediately after filling the bowl with water?,"A: The stove
B: The countertop
C: The cabinet
D: The sink
E: The cup",A
a993f2d4-bed8-47aa-8ce2-7a08b9785b24,"552.jpg
1058.jpg
3310.jpg
4051.jpg
4791.jpg
4975.jpg
5268.jpg
6180.jpg
6616.jpg",What did I look at immediately after cutting the cucumber with a knife?,"A: The mixing bowl on the counter.
B: The sink to wash my hands.
C: The refrigerator for more ingredients.
D: The stove to start cooking.
E: The bottle of vinegar.",A
23d1dc00-55f7-454e-b388-264ee6240527,"386.jpg
708.jpg
2436.jpg
2626.jpg
3166.jpg
3361.jpg",What did I look at immediately after pressing the CPR chest with her hands in Frame 5?,"A: The AED machine on the floor.
B: The CPR dummy's face to check for response.
C: The tripod setup in the background.
D: The instruction sheet on the floor.
E: The door to ensure privacy.",B
b24dbfff-1a6f-4649-b60b-35ae8c7aec80,"368.jpg
542.jpg
831.jpg
1123.jpg
2040.jpg
2312.jpg
2635.jpg
2962.jpg
3122.jpg",What did I look at after removing the onion skin with my hand?,"A: The cutting board where the onion skin was placed.
B: The refrigerator to get another ingredient.
C: The kitchen tap to rinse the onion.
D: The knife on the counter.
E: The stove to check if it was preheated.",A
b24dbfff-1a6f-4649-b60b-35ae8c7aec80,"6854.jpg
7370.jpg
7460.jpg
7750.jpg
8279.jpg",What did I look at before adding toasted sesame oil to the salad in the mixing bowl?,"A: The chopping board with the knife.
B: The toasted sesame oil gallon on the shelf.
C: The mixing bowl containing the salad mixture.
D: The microwave on the counter.
E: The plate of food next to the bowl.",B
07630ac3-a2a2-45e6-8b50-4fbeb063729d,"247.jpg
327.jpg
697.jpg
2505.jpg
2762.jpg
3679.jpg
3902.jpg
5171.jpg
6260.jpg",What did I look at immediately after squeezing out any air inside the tube with the tire lever?,"A: The new inner tube on the table.
B: The wheel to ensure the tube was properly lifted off.
C: The floor for another tire lever.
D: The valve cap to replace it.
E: The tools on the shelf.",B
aaea78b8-f839-42af-af65-0cc3f7fb2897,"146.jpg
191.jpg
422.jpg
736.jpg
974.jpg
1618.jpg
3151.jpg
3552.jpg
3679.jpg",What did I look at after checking the tire for any damage in Frame 1?,"A: The tool shelf to get a tire lever.
B: The inner tube on the table.
C: The air compressor.
D: The bicycle wheel.
E: The floor.",A
d80d1976-8a10-4af0-a9fb-d36264d3a074,"126.jpg
185.jpg
373.jpg
973.jpg
1418.jpg
4493.jpg",What did I look at after I added degreaser to the chain?,"A: The cloth on the table.
B: The bicycle wheel.
C: The tools on the workbench.
D: The shelf with supplies.
E: The floor near the bicycle.",A
fce858fe-d30b-4a72-822d-79c92d29971e,"915.jpg
1665.jpg
3635.jpg
4562.jpg
5432.jpg
6345.jpg
7716.jpg
7934.jpg
8094.jpg",What did I look at immediately after washing the chopstick under the kitchen tap?,"A: The skillet in the sink
B: The plate rack
C: The spatula holder
D: The mixing bowl on the table
E: The stovetop",A
be3ba254-9db0-4fa9-91ed-c9e7117f8d83,"103.jpg
273.jpg
840.jpg
1241.jpg
1272.jpg
1687.jpg
2055.jpg
2372.jpg
2741.jpg",What did I look at after removing the inner tube from the tire of the wheel?,"A: The valve of the wheel.
B: The tools on the workbench.
C: The inner tube.
D: The person standing in the background.
E: The tire pump.",C
68c657c5-24e9-4a8a-80a4-3f1fa7bf0ae3,"664.jpg
2640.jpg
3238.jpg
3288.jpg
3703.jpg
3838.jpg
4396.jpg
4450.jpg
5143.jpg",What did I look at immediately after arranging the test materials on the table?,"A: The instruction manual on the table.
B: The collection swab in its packaging.
C: The test plate that needed to be unwrapped.
D: The phone placed on the table.
E: The tripod setup in the background.",A
07433534-77d9-452d-a1b6-f33ed24f67c6,"365.jpg
427.jpg
1037.jpg
1126.jpg
1234.jpg
1596.jpg
1906.jpg
2052.jpg
2499.jpg",What did I look at before pouring sesame oil on the scoop?,"A: The recipe paper
B: The stove
C: The faucet
D: The saucepan
E: The cabinet",A
07433534-77d9-452d-a1b6-f33ed24f67c6,"6273.jpg
6364.jpg
6749.jpg
7206.jpg
8221.jpg
8572.jpg
8630.jpg
9320.jpg
9378.jpg",What did I look at immediately after pouring honey into the scoop?,"A: The tomato sauce on the countertop.
B: The recipe paper on the table.
C: The bowl where ingredients are being mixed.
D: The fork in the cabinet.
E: The garlic cloves on the countertop.",B
1bd5a43c-9476-4491-b82e-6b02aeee2231,"732.jpg
1037.jpg
1382.jpg
1514.jpg
1770.jpg
2170.jpg
2657.jpg
2845.jpg
2937.jpg",What did I look at immediately after arranging the test material on the table?,"A: The testing tube pack
B: The collection swab
C: The test manual on the table
D: The tripod camera setup
E: The ceiling lights",C
1bd5a43c-9476-4491-b82e-6b02aeee2231,"5289.jpg
5520.jpg
5826.jpg
5951.jpg
6405.jpg
6491.jpg
6694.jpg
6802.jpg
6982.jpg",What did I look at immediately after stopping the timer on the table?,"A: The collection swab in the test tube
B: The test manual on the table
C: The bin for disposing of waste
D: The test tube cap on the table
E: The tripod setup in the room",A
23ad5c7b-7413-4614-846a-976c120d8bcd,"404.jpg
728.jpg
787.jpg
867.jpg
1127.jpg
1366.jpg
1454.jpg
1491.jpg
1586.jpg",What did I look at after rinsing the pot in the kitchen sink?,"A: The stove
B: The measuring cup on the countertop
C: The faucet
D: The microwave
E: The paper towel dispenser",A
23ad5c7b-7413-4614-846a-976c120d8bcd,"3926.jpg
4438.jpg
4778.jpg
5076.jpg
5158.jpg
5362.jpg
5419.jpg
5788.jpg
5955.jpg",What did I look at immediately after getting the black tea container from the cabinet?,"A: The paper recipe in the kitchen sink.
B: The mug on the countertop.
C: The cinnamon stick container in the cabinet.
D: The stove where the milk is boiling.
E: The spoon on the countertop.",A
6bf869e6-32ac-4558-ac54-f78a5ad1e918,"1141.jpg
1238.jpg
1356.jpg
2276.jpg
2447.jpg
2745.jpg
2918.jpg
3083.jpg
3315.jpg",What did I look at immediately after placing the pot on the stove top in Frame 3?,"A: The electric kettle
B: The trash can
C: The cabinet where the tea bag pack is stored
D: The sink
E: The countertop with various bottles and containers",E
6bf869e6-32ac-4558-ac54-f78a5ad1e918,"10023.jpg
10161.jpg
11251.jpg
11437.jpg
12886.jpg
13067.jpg
13377.jpg
13525.jpg
13901.jpg",What did I look at immediately after pouring the boiled water from the electric kettle into the pot?,"A: The tea bag in the hot water pot.
B: The stove controls to adjust the heat.
C: The countertop for additional ingredients.
D: The sink area.
E: The cabinet above the stove.",A
15dcfdff-0f28-4e3f-8902-e00227c377a2,"242.jpg
315.jpg
397.jpg
536.jpg
553.jpg
561.jpg
962.jpg
1119.jpg
1131.jpg",What did I look at after checking if the patient was breathing for the second time?,"A: The bystanders to ask for help
B: The center of the patient's chest
C: My hands as I interlaced my fingers
D: The patient's neck and shoulders
E: The floor near the patient",C
084fe4d0-b55d-4de4-a26d-32d7735e9621,"2130.jpg
2529.jpg
2869.jpg
3288.jpg
3769.jpg
4028.jpg
4614.jpg
4944.jpg
5025.jpg",What did I look at immediately after cracking the egg into the bowl?,"A: The chopsticks in the drawer
B: The ground red pepper container
C: The salt shaker on the countertop
D: The stove to turn on the heat
E: The oil bottle on the countertop",C
084fe4d0-b55d-4de4-a26d-32d7735e9621,"8808.jpg
9319.jpg
9654.jpg
10142.jpg
10352.jpg",What did I look at immediately after spreading the omelet with chopsticks?,"A: The plate in the cabinet.
B: The stove heat controls.
C: The sink area.
D: The countertop near the cutting board.
E: The refrigerator.",A
44e3a281-953f-439b-aa58-01a5a362a31f,"411.jpg
604.jpg
1269.jpg
1584.jpg
2217.jpg
2387.jpg
2483.jpg",What did I look at after I finished dicing the tomatoes on the chopping board?,"A: The salad bowl to add the diced tomatoes.
B: The faucet to rinse my hands.
C: The cucumber on the counter.
D: The camera setup in the background.
E: The person sitting at the table.",A
d19b9b06-2156-4bda-b96f-b6c50e48e0da,"217.jpg
400.jpg
918.jpg
948.jpg
977.jpg
1518.jpg
1643.jpg
1670.jpg
2187.jpg",What did I look at after placing both hands on the patient's chest for the first time?,"A: The patient's face to check if they are breathing.
B: The tripod setup in the room.
C: The manual lying next to the patient.
D: My own hands to ensure proper placement.
E: The floor to maintain balance.",A
db85dc4c-72a3-45a0-8f33-c239fe955f42,"162.jpg
326.jpg
923.jpg
3593.jpg
4021.jpg
6082.jpg
8015.jpg",What did I look at after squeezing out any air inside the tube?,"A: The tire lever on the floor.
B: The wheel's bead seat line for irregularities.
C: The inner tube as it was being pulled out.
D: The dust cap that was removed from the wheel.
E: The area around the rim where the tire lever is used.",E
c4dbfed6-f922-4213-a574-da37c7afd61c,"137.jpg
379.jpg
496.jpg
803.jpg
1332.jpg
1506.jpg
1711.jpg
4415.jpg
4925.jpg",What did I look at after adding water to the electric kettle?,"A: The stove where the kettle is placed.
B: The cabinet to get a cup.
C: The sink area.
D: The tea bags in the cabinet.
E: The waste bin.",A
c4dbfed6-f922-4213-a574-da37c7afd61c,"12311.jpg
12489.jpg
12668.jpg
12875.jpg
13085.jpg
13218.jpg
13409.jpg",What did I look at after disposing of the tea bag in the trash can?,"A: The bottle of milk on the counter.
B: The refrigerator door.
C: The sink area.
D: The tissue paper roll.
E: The table with food items.",B
ffe64b82-6751-400a-9d64-5f4952017234,"720.jpg
1184.jpg
1222.jpg
1672.jpg",What did I look at immediately after tapping the patient to check their response?,"A: The patient's chest
B: The surrounding area for help
C: The patient's face
D: The medical bag on the ground
E: The bystanders in the background",C
2ef42b62-0ad8-442f-b868-7df6b5d54714,"129.jpg
247.jpg
394.jpg
750.jpg
928.jpg
2787.jpg
2842.jpg
5584.jpg",What did I look at after applying lube to the chain rollers?,"A: The degreaser on the table.
B: The brake cable.
C: A cloth on the table.
D: The pedals of the bicycle.
E: The tools in the background.",C
587eca14-1115-4a97-aff1-664de9e3415f,"252.jpg
375.jpg
482.jpg
516.jpg
1081.jpg
1168.jpg
1271.jpg
1406.jpg
1482.jpg",What did I look at immediately after spreading butter in the skillet with a spatula for the first time?,"A: The egg on the counter top.
B: The knob to regulate the heat of the cooker.
C: The butter on the counter top.
D: The sink.
E: The plate with vegetables.",B
587eca14-1115-4a97-aff1-664de9e3415f,"3229.jpg
3397.jpg
3501.jpg
3552.jpg
4802.jpg
4842.jpg
5279.jpg
5492.jpg",What did I look at immediately after adding black pepper into the egg in the skillet?,"A: The salt container on the counter top.
B: The knob to regulate the heat of the cooker.
C: The plate where the scrambled eggs will be served.
D: The spatula used for stirring the egg mixture.
E: The black pepper container before returning it to the counter top.",E
0507c7ee-073c-4c37-baa0-ad079aa59027,"815.jpg
1018.jpg
1581.jpg
2146.jpg
2329.jpg
2685.jpg
3230.jpg
3812.jpg
4050.jpg",What did I look at after engaging the tire lever to the rim of the wheel?,"A: The new inner tube on the table.
B: The valve cap of the inner tube.
C: The tools on the wall.
D: The tire lever in my hand.
E: The floor near the workbench.",D
e26a1515-2609-42c3-a2d2-68b37cc0b4d6,"197.jpg
387.jpg
727.jpg
790.jpg
1267.jpg
1565.jpg
2097.jpg
2235.jpg
2693.jpg",What did I look at immediately after getting the pack of tomatoes from the refrigerator?,"A: The Ziploc bag containing cucumber
B: The kitchen sink
C: The cabinet
D: The cutting board
E: The mixing bowl",B
e26a1515-2609-42c3-a2d2-68b37cc0b4d6,"3421.jpg
3487.jpg
3702.jpg
4041.jpg
4426.jpg
4549.jpg
4874.jpg
4960.jpg
5268.jpg",What did I look at immediately after slicing the tomato in half?,"A: The mixing bowl where the sliced tomato was added.
B: The container of salt and pepper on the countertop.
C: The bottle of rice vinegar on the countertop.
D: The sink area to clean the knife.
E: The honey bottle on the countertop.",A
4a10d608-6712-4f08-aa69-1cfd4541dd6c,"351.jpg
411.jpg
904.jpg
1268.jpg
1465.jpg
1763.jpg
2041.jpg
2214.jpg
2590.jpg",What did I look at immediately after rinsing the kitchen towel?,"A: The pack of noodles on the counter.
B: The sink where I just washed my hands.
C: The stove to check if it was turned on.
D: The microwave for heating instructions.
E: The saucepan on the stove.",A
4a10d608-6712-4f08-aa69-1cfd4541dd6c,"6519.jpg
6556.jpg
6604.jpg
6838.jpg
7188.jpg
7363.jpg
7547.jpg
7635.jpg
7817.jpg",What did I look at after slicing the spring onions on the counter top with a knife?,"A: The bowl containing garlic
B: The saucepan on the cooker
C: The sink
D: The tripod-mounted camera
E: The kitchen cabinet",B
6023b80a-a1af-405b-ae86-6613452a1512,"1990.jpg
2083.jpg
2153.jpg
2507.jpg
2558.jpg
2930.jpg
3135.jpg
3326.jpg
3567.jpg",What did I look at after placing the plate in the sink?,"A: The butter on the countertop.
B: The phone to check the recipe instructions.
C: The knife that needed washing.
D: The cabinet to get a bowl.
E: The refrigerator where the butter was stored.",C
6023b80a-a1af-405b-ae86-6613452a1512,"5576.jpg
5640.jpg
5761.jpg
6487.jpg
6619.jpg
7218.jpg
7289.jpg
7510.jpg
7614.jpg",What did I look at after adding the sliced garlic cloves to the bowl?,"A: The recipe instruction on the phone.
B: The sesame seeds on the countertop.
C: The pepper container on the countertop.
D: The sink area.
E: The cutting board.",A
971bf500-87fe-41a1-8ede-5b2eb1e87711,"1412.jpg
1539.jpg
1840.jpg
2139.jpg
2493.jpg
5036.jpg
5287.jpg
6726.jpg
7974.jpg",What did I look at after adding the tea bags to the cup?,"A: The electric kettle
B: The milk carton in the fridge
C: The sugar container in the cabinet
D: The spoon on the counter
E: The water faucet",C
f6cd28c0-570f-4048-a684-bb4f0b055adb,"1265.jpg
1385.jpg
1417.jpg
1583.jpg
1743.jpg
1862.jpg
2016.jpg
2097.jpg
2174.jpg",What did I look at after pouring milk into the cup?,"A: The refrigerator
B: The faucet
C: The pot on the stove
D: The microwave
E: The kitchen counter",C
f6cd28c0-570f-4048-a684-bb4f0b055adb,"4313.jpg
6786.jpg
6914.jpg
7014.jpg
7315.jpg
7674.jpg
8257.jpg
8477.jpg
8738.jpg",What did I look at after adding the chopped ginger into the pot of chai tea?,"A: The chopping board and spoon
B: The refrigerator
C: The running faucet
D: The cinnamon powder pack in the cabinet
E: The stove",D
a3d933a1-26b2-4025-b136-3a9c2d40db4c,"124.jpg
473.jpg
731.jpg
835.jpg
1371.jpg
2036.jpg
2355.jpg
2667.jpg
2856.jpg",What did I look at before placing the pot of water on the cooker?,"A: The running tap
B: The French press on the countertop
C: The lighter to turn on the cooker
D: The cabinet where I got the pot
E: The cinnamon stick",C
a3d933a1-26b2-4025-b136-3a9c2d40db4c,"7526.jpg
8036.jpg
8406.jpg
8973.jpg
9818.jpg
10082.jpg
10775.jpg
11043.jpg
11330.jpg",What did I look at after stirring the water with cinnamon sticks using the spoon?,"A: The milk pitcher on the countertop.
B: The boiling pot of water on the stove.
C: The kitchen towel on the countertop.
D: The sink area.
E: The spice rack.",B
e57ffcd1-425a-484d-9ea2-0c073134ce31,"631.jpg
1065.jpg
1194.jpg
1265.jpg
1424.jpg
1561.jpg
1957.jpg
2216.jpg",What did I look at immediately after tightening the axle nut with my hand for the second time?,"A: The brake calipers
B: The lever on the bicycle dropout
C: The wheel spokes
D: The handlebars
E: The pedals",B
a5e81f20-ea35-4f63-a908-11d89fc1294c,"421.jpg
810.jpg
976.jpg
1099.jpg
1657.jpg
1927.jpg
2077.jpg
2194.jpg
2318.jpg",What did I look at immediately after reading the recipe for the first time?,"A: The toasted sesame oil on the counter top.
B: The measuring spoon on the counter top.
C: The bowl where ingredients are being mixed.
D: The lemon juice on the table.
E: The sink.",A
a5e81f20-ea35-4f63-a908-11d89fc1294c,"5842.jpg
5982.jpg
6213.jpg
6416.jpg
6500.jpg
6689.jpg
8051.jpg
8179.jpg
10373.jpg",What did I look at immediately after adding sesame oil to a bowl with a measuring spoon?,"A: The fresh ginger on the table.
B: The knife on the counter top.
C: The sink.
D: The chopping board.
E: The measuring spoons.",A
b5793959-4dbe-4d2c-b036-47e4be38743a,"723.jpg
1229.jpg
1772.jpg
2297.jpg
2930.jpg
3251.jpg
3571.jpg
3668.jpg
3860.jpg",What did I look at after washing the bowl with water in the sink?,"A: The napkin on the counter.
B: The flour and salt in the cabinet.
C: The egg crate in the fridge.
D: The mixing bowl in the cabinet.
E: The bin for throwing trash.",A
b5793959-4dbe-4d2c-b036-47e4be38743a,"10105.jpg
10801.jpg
11181.jpg
11621.jpg
11984.jpg
12387.jpg
12759.jpg
13376.jpg
13840.jpg",What did I look at immediately after adding water to the mixture in the bowl with the measuring spoon?,"A: The spatula on the counter.
B: The sink.
C: The mixture in the bowl.
D: The stove.
E: The refrigerator.",C
077eb879-f9e3-47a8-a335-2144c72a4098,"469.jpg
685.jpg
1209.jpg
1347.jpg
1694.jpg
2996.jpg
3364.jpg
3855.jpg
4611.jpg",What did I look at immediately after applying chain lube to the rollers while backpedaling?,"A: The work table where tools are placed.
B: The cloth on the work table.
C: The bicycle's handlebars.
D: The rear derailleur.
E: The front wheel of the bicycle.",B
7ec750d7-fc17-41dc-b627-be30b2682c7a,"129.jpg
209.jpg
444.jpg
469.jpg
727.jpg
818.jpg
1203.jpg
2574.jpg
2753.jpg",What did I look at before pouring water from the bottle into the pot on the stove?,"A: The milk pack on the counter top.
B: The chopping board with utensils.
C: The cardamom container in the cabinet.
D: The bottle of water on the counter top.
E: The small spoon on the chopping board.",D
7ec750d7-fc17-41dc-b627-be30b2682c7a,"4468.jpg
4641.jpg
4686.jpg
4803.jpg
5051.jpg
5405.jpg
5470.jpg
5541.jpg
5590.jpg",What did I look at after adding cinnamon powder into the pot of chai tea?,"A: The stove to regulate the heat.
B: The chopping board to get a small spoon.
C: The cabinet to return the cinnamon powder container.
D: The mug cup to place a fine-mesh sieve on it.
E: The sink to wash my hands.",C
fce7bb0b-b284-4a7d-869a-3c9cae440679,"155.jpg
460.jpg
892.jpg
1092.jpg
1192.jpg
1300.jpg
1390.jpg
1423.jpg
1533.jpg",What did I look at immediately after getting the mason jar from the tray?,"A: The recipe paper
B: The kitchen cabinet
C: The white square bowl
D: The soy sauce bottle
E: The honey container",A
fce7bb0b-b284-4a7d-869a-3c9cae440679,"3077.jpg
3330.jpg
3821.jpg
4162.jpg
4544.jpg
5283.jpg
5672.jpg
5709.jpg
5939.jpg",What did I look at immediately after adding soy sauce into the mason jar for the second time?,"A: The measuring scoop on the counter.
B: The sesame oil bottle.
C: The lemon juice bottle.
D: The grater on the cutting board.
E: The garlic cloves.",B
01d7a29d-f1a2-44d6-8871-178f26233d32,"1193.jpg
1369.jpg
1796.jpg
1964.jpg
2801.jpg
3194.jpg
3307.jpg
3724.jpg
4298.jpg",What did I look at immediately after attempting to release the wheel from the bicycle frame?,"A: The Allen wrench on the table.
B: The screwdriver head in my hand.
C: The axle nut in the wheel.
D: The floor near the bicycle.
E: The other bicycle in the background.",C
f7011ab9-4260-4fd3-a218-36263fabb1f0,"465.jpg
705.jpg
1285.jpg
2028.jpg
2100.jpg
2562.jpg
2808.jpg
2848.jpg
3032.jpg",What did I look at after cracking the eggs into the skillet?,"A: The stove on the wall.
B: The butter in the skillet.
C: The counter top for more ingredients.
D: The sink to clean my hands.
E: The refrigerator for additional items.",B
7b138731-a8f3-4938-be1b-22599df07d39,"284.jpg
5994.jpg
6311.jpg
6366.jpg",What did I look at after releasing the rim brake pads?,"A: The wrench on the table.
B: The wheel that was just pulled out.
C: The bike frame where the wheel is attached.
D: The floor near the bike.
E: The door in the background.",C
0c49cda5-7e55-46d8-8f1f-522ed1924a79,"596.jpg
732.jpg
899.jpg
1087.jpg
1136.jpg
1236.jpg
1328.jpg
1491.jpg
1513.jpg",What did I look at immediately after cracking the egg into the bowl?,"A: The trash can where I threw the eggshell.
B: The jar of salt on the shelf.
C: The running tap in the sink.
D: The plastic bag for the egg crate.
E: The cutting board and knife.",B
0c49cda5-7e55-46d8-8f1f-522ed1924a79,"3723.jpg
4005.jpg
4229.jpg
4277.jpg
4583.jpg
4852.jpg
4964.jpg
7205.jpg
7556.jpg",What did I look at immediately after tilting and rotating the skillet to allow oil flow into empty space?,"A: The plate on the countertop.
B: The egg mixture in the bowl.
C: The running tap.
D: The spatula on the counter.
E: The sink.",A
442c74f8-4d52-4f78-bf23-f8741d9b3f45,"183.jpg
273.jpg
387.jpg
570.jpg
5479.jpg
5617.jpg
5863.jpg
5979.jpg
6314.jpg",What did I look at immediately after getting the tomato from the counter top?,"A: The recipe on the paper.
B: The chopping board.
C: The knife in the drawer.
D: The bowl in the cabinet.
E: The egg crate.",A
442c74f8-4d52-4f78-bf23-f8741d9b3f45,"10181.jpg
10216.jpg
10381.jpg
10640.jpg
10747.jpg
11209.jpg
11332.jpg
11393.jpg
11881.jpg",What did I look at after adding oil to the frying pan?,"A: The recipe on the counter top.
B: The sink where I put the spoon away.
C: The stove to check if it was turned on.
D: The drawer to get a spatula.
E: The countertop where I placed the oil.",E
e4d26f73-845c-4ec0-a0cf-2610c29680f8,"664.jpg
1349.jpg
1786.jpg
1887.jpg
2093.jpg
2183.jpg
2287.jpg
2397.jpg
2627.jpg",What did I look at immediately after arranging the COVID test pack materials on the table?,"A: The instruction sheet
B: The test vial
C: The waste bag
D: The saliva collector
E: The tripod in the background",A
c95ba288-2cca-46f2-b606-f4e4d145d40e,"86.jpg
213.jpg
326.jpg
623.jpg
1183.jpg
1235.jpg
1322.jpg
1464.jpg
1541.jpg",What did I look at immediately after turning on the electric kettle to boil water?,"A: The sachet of tea bag on the counter top.
B: The sink area.
C: The microwave above the stove.
D: The refrigerator door.
E: The spice rack near the stove.",A
c339d326-2e69-40f9-88f3-caa5c80ff3be,"109.jpg
414.jpg
1082.jpg
2187.jpg
2267.jpg",What did I look at after using both hands to screw tightly the axle nuts?,"A: The wrench on the table.
B: The bicycle wheel.
C: The person working in the background.
D: The tools scattered on the floor.
E: The door of the workshop.",A
2558806a-cf6c-42dd-8323-ab80e7b7dc75,"338.jpg
546.jpg
652.jpg
1011.jpg
1140.jpg
1298.jpg
1540.jpg
1608.jpg
1827.jpg",What did I look at immediately after getting the bowl from the cabinet?,"A: The black pepper container on the countertop.
B: The egg pack on the kitchen top.
C: The fork in the cabinet.
D: The refrigerator.
E: The bin.",B
2558806a-cf6c-42dd-8323-ab80e7b7dc75,"4598.jpg
5091.jpg
5325.jpg
5421.jpg
5698.jpg
5784.jpg
7408.jpg
7619.jpg
7888.jpg",What did I look at after I added the egg mixture into the skillet?,"A: The stove's heat controls.
B: The butter in the refrigerator.
C: The knife in the sink.
D: The spatula on the counter.
E: The microwave.",A
44896f15-3bb6-4358-a042-2c59140dc7a6,"114.jpg
314.jpg
1106.jpg
1159.jpg
1711.jpg",What did I look at after I soaked the brushes with the degreaser in the bowl on the workbench?,"A: The bicycle chain
B: The tripod
C: The toolbox
D: The window
E: The floor",A
ce9bec98-3ec5-4189-8f9d-03e3ff3cddda,"335.jpg
903.jpg
2562.jpg
3021.jpg
3099.jpg
3465.jpg
3535.jpg
4524.jpg
4613.jpg",What did I look at immediately after disposing a tomato slice into the waste bag for the first time?,"A: The cutting board with the remaining tomato slices.
B: The recipe paper on the table.
C: The sink where I washed the tomato.
D: The kitchen island where I initially got the tomato.
E: The trash can to ensure the slice was properly disposed of.",A
ce9bec98-3ec5-4189-8f9d-03e3ff3cddda,"9182.jpg
9378.jpg
9637.jpg
9721.jpg
9885.jpg
9972.jpg
10096.jpg
10216.jpg
10687.jpg",What did I look at after cracking the egg into the bowl?,"A: The waste bag where I disposed of the eggshell.
B: The paper towel on the counter.
C: The spoon in the bowl.
D: The sink to rinse my hands.
E: The water bottle on the table.",A
9da3d7c3-42aa-447a-9080-98c703d49c25,"318.jpg
455.jpg
572.jpg
1191.jpg
2047.jpg
2581.jpg
3188.jpg
3961.jpg
4465.jpg",What did I look at immediately after getting the jar of salt from the shelf?,"A: The kitchen drawer to get a measuring cup.
B: The refrigerator to get a crate of eggs.
C: The rolling board on the counter.
D: The flour pack in the cabinet.
E: The phone on the counter.",A
9da3d7c3-42aa-447a-9080-98c703d49c25,"18638.jpg
18836.jpg
20008.jpg
24547.jpg
24716.jpg
30282.jpg",What did I look at immediately after sprinkling flour on the rolling board?,"A: The kitchen towel
B: The dough on the rolling board
C: The running tap
D: The kitchen drawer
E: The pasta cutter",B
37081591-1f5f-454f-b2a4-bfdcec5ccca6,"83.jpg
353.jpg
431.jpg
1327.jpg
1412.jpg
1609.jpg
1648.jpg
1864.jpg
2092.jpg",What did I look at immediately after cracking the egg into the mug with a fork?,"A: The salt shaker on the countertop.
B: The pepper grinder on the countertop.
C: The sink area.
D: The egg crate on the countertop.
E: The refrigerator.",A
37081591-1f5f-454f-b2a4-bfdcec5ccca6,"4300.jpg
4469.jpg
4536.jpg
4908.jpg
5393.jpg
5507.jpg
5820.jpg
6283.jpg
6343.jpg",What did I look at before I tilted the frying pan to allow oil to flow evenly?,"A: The gas cooker controls.
B: The bowl on the countertop.
C: The kitchen cabinet where the oil was stored.
D: The egg mixture in the bowl.
E: The spatula in the drawer.",C
5ec6e29f-9b84-49ff-ab42-22c562d5c4a3,"798.jpg
1317.jpg
1406.jpg
1722.jpg
2216.jpg
2307.jpg
2324.jpg
2346.jpg
2467.jpg",What did I look at after unwrapping the COVID-19 collection swab with scissors?,"A: The testing tube on the table.
B: The couch in the background.
C: The scissors I just used.
D: The COVID-19 rapid antigen package.
E: The instruction manual.",A
8b08ab18-7e42-462b-86c1-45f6a23a28ac,"539.jpg
703.jpg
822.jpg
980.jpg
4804.jpg
5321.jpg",What did I look at immediately after arranging the test materials on the table?,"A: The instructions for the COVID-19 antigen test.
B: The lid of the throat swab.
C: The results area of the test kit.
D: The bed in the background.
E: The tripod setup.",A
